{"loss":32.123760763555765,"_timestamp":1.730767109071364e+09,"_runtime":133.4432899,"_wandb":{"runtime":140},"_step":4}
